batting_team,bowling_team,inning,ovr,ovr_ball_num,batsman_id,non_striker_id,bowler_id,player_out_id,batsman_name,non_striker_name,bowler_name,player_out_how,player_out_name,dismissal_method,ball_speed,runs_w_extras,runs_batter,extras_type,bat_right_handed,landed_y,landed_x,ended_x,ended_y,hit_x,hit_y,batsman_nat,non_striker_nat,bowler_nat,batsman_dob,non_striker_dob,bowler_dob,match_id,game_end_time
RR,MI,1,1.1,1,227,135,213,-1,Shane Watson,Ajinkya Rahane,Mitchell Johnson,,,,38.731,1,1,,y,9.431,0.251,0.236,1.171,80,17,Australian,Indian,Australian,1981-06-17,1988-06-05,1981-11-02,23,2013-04-17 23:28:06.546000
RR,MI,1,1.2,2,135,227,213,-1,Ajinkya Rahane,Shane Watson,Mitchell Johnson,,,,38.017,0,0,,y,7.610,0.048,-0.156,0.994,40,35,Indian,Australian,Australian,1988-06-05,1981-06-17,1981-11-02,23,2013-04-17 23:28:06.546000
RR,MI,1,1.3,3,135,227,213,-1,Ajinkya Rahane,Shane Watson,Mitchell Johnson,,,,38.865,1,0,Wd,y,7.066,0.219,0.320,0.824,5,5,Indian,Australian,Australian,1988-06-05,1981-06-17,1981-11-02,23,2013-04-17 23:28:06.546000
RR,MI,1,1.4,3,135,227,213,-1,Ajinkya Rahane,Shane Watson,Mitchell Johnson,,,,38.374,1,1,,y,10.610,0.092,-0.300,1.169,32,27,Indian,Australian,Australian,1988-06-05,1981-06-17,1981-11-02,23,2013-04-17 23:28:06.546000
RR,MI,1,1.5,4,227,135,213,-1,Shane Watson,Ajinkya Rahane,Mitchell Johnson,,,,38.017,0,0,,y,9.046,0.049,-0.113,1.150,44,36,Australian,Indian,Australian,1981-06-17,1988-06-05,1981-11-02,23,2013-04-17 23:28:06.546000
RR,MI,1,1.6,5,227,135,213,-1,Shane Watson,Ajinkya Rahane,Mitchell Johnson,,,,38.195,0,0,,y,11.487,0.166,0.266,1.398,52,25,Australian,Indian,Australian,1981-06-17,1988-06-05,1981-11-02,23,2013-04-17 23:28:06.546000
RR,MI,1,1.7,6,227,135,213,-1,Shane Watson,Ajinkya Rahane,Mitchell Johnson,,,,38.998,0,0,,y,5.110,0.110,0.076,0.705,5,5,Australian,Indian,Australian,1981-06-17,1988-06-05,1981-11-02,23,2013-04-17 23:28:06.546000
RR,MI,1,2.1,1,135,227,211,-1,Ajinkya Rahane,Shane Watson,Lasith Malinga,,,,38.641,0,0,,y,8.577,-0.395,-0.729,0.969,5,5,Indian,Australian,Sri Lankan,1988-06-05,1981-06-17,1983-08-28,23,2013-04-17 23:28:06.546000
RR,MI,1,2.2,2,135,227,211,-1,Ajinkya Rahane,Shane Watson,Lasith Malinga,,,,37.354,4,4,,y,8.725,-0.338,-0.538,0.861,8,42,Indian,Australian,Sri Lankan,1988-06-05,1981-06-17,1983-08-28,23,2013-04-17 23:28:06.546000
RR,MI,1,2.3,3,135,227,211,-1,Ajinkya Rahane,Shane Watson,Lasith Malinga,,,,38.284,0,0,,y,9.444,-0.266,-0.577,1.063,31,29,Indian,Australian,Sri Lankan,1988-06-05,1981-06-17,1983-08-28,23,2013-04-17 23:28:06.546000
RR,MI,1,2.4,4,135,227,211,-1,Ajinkya Rahane,Shane Watson,Lasith Malinga,,,,39.712,0,0,,y,8.043,-0.186,-0.169,0.771,54,50,Indian,Australian,Sri Lankan,1988-06-05,1981-06-17,1983-08-28,23,2013-04-17 23:28:06.546000
RR,MI,1,2.5,5,135,227,211,-1,Ajinkya Rahane,Shane Watson,Lasith Malinga,,,,39.400,0,0,,y,4.326,-0.383,-0.547,0.405,31,28,Indian,Australian,Sri Lankan,1988-06-05,1981-06-17,1983-08-28,23,2013-04-17 23:28:06.546000
RR,MI,1,2.6,6,135,227,211,-1,Ajinkya Rahane,Shane Watson,Lasith Malinga,,,,38.151,4,4,,y,11.764,-0.197,-0.453,1.259,90,55,Indian,Australian,Sri Lankan,1988-06-05,1981-06-17,1983-08-28,23,2013-04-17 23:28:06.546000
RR,MI,1,3.1,1,227,135,213,-1,Shane Watson,Ajinkya Rahane,Mitchell Johnson,,,,38.641,4,4,,y,6.602,-0.566,-1.083,0.644,27,10,Australian,Indian,Australian,1981-06-17,1988-06-05,1981-11-02,23,2013-04-17 23:28:06.546000
RR,MI,1,3.2,2,227,135,213,-1,Shane Watson,Ajinkya Rahane,Mitchell Johnson,,,,38.597,0,0,,y,5.430,-0.136,-0.223,0.548,5,5,Australian,Indian,Australian,1981-06-17,1988-06-05,1981-11-02,23,2013-04-17 23:28:06.546000
RR,MI,1,3.3,3,227,135,213,-1,Shane Watson,Ajinkya Rahane,Mitchell Johnson,,,,38.954,1,1,,y,7.467,-0.111,-0.458,0.919,13,23,Australian,Indian,Australian,1981-06-17,1988-06-05,1981-11-02,23,2013-04-17 23:28:06.546000
RR,MI,1,3.4,4,135,227,213,-1,Ajinkya Rahane,Shane Watson,Mitchell Johnson,,,,38.641,4,4,,y,7.850,-0.171,-0.425,0.609,62,7,Indian,Australian,Australian,1988-06-05,1981-06-17,1981-11-02,23,2013-04-17 23:28:06.546000
RR,MI,1,3.5,5,135,227,213,-1,Ajinkya Rahane,Shane Watson,Mitchell Johnson,,,,38.061,0,0,,y,6.989,0.013,-0.117,0.633,40,40,Indian,Australian,Australian,1988-06-05,1981-06-17,1981-11-02,23,2013-04-17 23:28:06.546000
RR,MI,1,3.6,6,135,227,213,-1,Ajinkya Rahane,Shane Watson,Mitchell Johnson,,,,38.909,2,2,,y,4.952,-0.024,-0.067,0.365,86,42,Indian,Australian,Australian,1988-06-05,1981-06-17,1981-11-02,23,2013-04-17 23:28:06.546000
RR,MI,1,4.1,1,227,135,1088,-1,Shane Watson,Ajinkya Rahane,Rishi Dhawan,,,,36.544,0,0,,y,9.158,-0.488,-0.087,0.926,51,30,Australian,Indian,Indian,1981-06-17,1988-06-05,1990-02-19,23,2013-04-17 23:28:06.546000
RR,MI,1,4.2,2,227,135,1088,-1,Shane Watson,Ajinkya Rahane,Rishi Dhawan,,,,36.990,0,0,,y,10.183,-0.650,-0.363,1.182,32,28,Australian,Indian,Indian,1981-06-17,1988-06-05,1990-02-19,23,2013-04-17 23:28:06.546000
RR,MI,1,4.3,3,227,135,1088,-1,Shane Watson,Ajinkya Rahane,Rishi Dhawan,,,,37.258,6,6,,y,10.593,-0.451,-0.024,1.306,94,49,Australian,Indian,Indian,1981-06-17,1988-06-05,1990-02-19,23,2013-04-17 23:28:06.546000
RR,MI,1,4.4,4,227,135,1088,-1,Shane Watson,Ajinkya Rahane,Rishi Dhawan,,,,36.767,1,1,,y,9.713,-0.375,0.006,1.509,62,37,Australian,Indian,Indian,1981-06-17,1988-06-05,1990-02-19,23,2013-04-17 23:28:06.546000
RR,MI,1,4.5,5,135,227,1088,-1,Ajinkya Rahane,Shane Watson,Rishi Dhawan,,,,36.589,0,0,,y,7.048,-0.543,-0.395,0.832,40,59,Indian,Australian,Indian,1988-06-05,1981-06-17,1990-02-19,23,2013-04-17 23:28:06.546000
RR,MI,1,4.6,6,135,227,1088,-1,Ajinkya Rahane,Shane Watson,Rishi Dhawan,,,,36.901,0,0,,y,8.410,-0.422,-0.330,0.898,41,60,Indian,Australian,Indian,1988-06-05,1981-06-17,1990-02-19,23,2013-04-17 23:28:06.546000
RR,MI,1,5.1,1,227,135,106,-1,Shane Watson,Ajinkya Rahane,Pragyan Ojha,,,,24.586,1,0,Lb,y,5.452,0.093,0.364,0.583,5,5,Australian,Indian,Indian,1981-06-17,1988-06-05,2012-02-27,23,2013-04-17 23:28:06.546000
RR,MI,1,5.2,2,135,227,106,-1,Ajinkya Rahane,Shane Watson,Pragyan Ojha,,,,24.809,1,1,,y,6.136,0.044,0.211,0.851,66,27,Indian,Australian,Indian,1988-06-05,1981-06-17,2012-02-27,23,2013-04-17 23:28:06.546000
RR,MI,1,5.3,3,227,135,106,-1,Shane Watson,Ajinkya Rahane,Pragyan Ojha,,,,25.255,4,4,,y,6.342,0.260,0.415,0.894,93,24,Australian,Indian,Indian,1981-06-17,1988-06-05,2012-02-27,23,2013-04-17 23:28:06.546000
RR,MI,1,5.4,4,227,135,106,-1,Shane Watson,Ajinkya Rahane,Pragyan Ojha,,,,25.032,0,0,,y,6.373,-0.285,-0.148,0.818,32,28,Australian,Indian,Indian,1981-06-17,1988-06-05,2012-02-27,23,2013-04-17 23:28:06.546000
RR,MI,1,5.5,5,227,135,106,-1,Shane Watson,Ajinkya Rahane,Pragyan Ojha,,,,24.407,1,1,,y,6.386,0.078,0.352,0.892,81,47,Australian,Indian,Indian,1981-06-17,1988-06-05,2012-02-27,23,2013-04-17 23:28:06.546000
RR,MI,1,5.6,6,135,227,106,-1,Ajinkya Rahane,Shane Watson,Pragyan Ojha,,,,24.586,6,6,,y,5.198,0.000,0.094,0.943,62,94,Indian,Australian,Indian,1988-06-05,1981-06-17,2012-02-27,23,2013-04-17 23:28:06.546000
RR,MI,1,6.1,1,227,135,211,-1,Shane Watson,Ajinkya Rahane,Lasith Malinga,,,,39.132,0,0,,y,9.226,-0.505,-0.940,0.805,5,5,Australian,Indian,Sri Lankan,1981-06-17,1988-06-05,1983-08-28,23,2013-04-17 23:28:06.546000
RR,MI,1,6.2,2,227,135,211,-1,Shane Watson,Ajinkya Rahane,Lasith Malinga,,,,37.660,4,4,,y,6.872,-0.273,-0.194,0.673,34,88,Australian,Indian,Sri Lankan,1981-06-17,1988-06-05,1983-08-28,23,2013-04-17 23:28:06.546000
RR,MI,1,6.3,3,227,135,211,-1,Shane Watson,Ajinkya Rahane,Lasith Malinga,,,,37.555,4,4,,y,10.547,-0.276,-0.583,0.989,60,90,Australian,Indian,Sri Lankan,1981-06-17,1988-06-05,1983-08-28,23,2013-04-17 23:28:06.546000
RR,MI,1,6.4,4,227,135,211,-1,Shane Watson,Ajinkya Rahane,Lasith Malinga,,,,37.526,4,0,Lb,y,2.822,0.268,0.387,0.258,5,5,Australian,Indian,Sri Lankan,1981-06-17,1988-06-05,1983-08-28,23,2013-04-17 23:28:06.546000
RR,MI,1,6.5,5,227,135,211,-1,Shane Watson,Ajinkya Rahane,Lasith Malinga,,,,37.526,4,4,,y,4.396,-0.205,-0.309,0.375,36,87,Australian,Indian,Sri Lankan,1981-06-17,1988-06-05,1983-08-28,23,2013-04-17 23:28:06.546000
RR,MI,1,6.6,6,227,135,211,-1,Shane Watson,Ajinkya Rahane,Lasith Malinga,,,,38.909,0,0,,y,9.503,-0.233,-0.340,0.934,5,5,Australian,Indian,Sri Lankan,1981-06-17,1988-06-05,1983-08-28,23,2013-04-17 23:28:06.546000
RR,MI,1,7.1,1,135,227,106,-1,Ajinkya Rahane,Shane Watson,Pragyan Ojha,,,,24.095,0,0,,y,4.812,-0.013,-0.077,0.760,58,39,Indian,Australian,Indian,1988-06-05,1981-06-17,2012-02-27,23,2013-04-17 23:28:06.546000
RR,MI,1,7.2,2,135,227,106,-1,Ajinkya Rahane,Shane Watson,Pragyan Ojha,,,,-1.000,1,1,,y,5.757,-0.330,-0.457,0.849,15,30,Indian,Australian,Indian,1988-06-05,1981-06-17,2012-02-27,23,2013-04-17 23:28:06.546000
RR,MI,1,7.3,3,227,135,106,-1,Shane Watson,Ajinkya Rahane,Pragyan Ojha,,,,25.345,0,0,,y,5.650,0.262,0.310,0.946,62,32,Australian,Indian,Indian,1981-06-17,1988-06-05,2012-02-27,23,2013-04-17 23:28:06.546000
RR,MI,1,7.4,4,227,135,106,-1,Shane Watson,Ajinkya Rahane,Pragyan Ojha,,,,24.898,0,0,,y,5.204,-0.031,0.122,0.575,41,41,Australian,Indian,Indian,1981-06-17,1988-06-05,2012-02-27,23,2013-04-17 23:28:06.546000
RR,MI,1,7.5,5,227,135,106,-1,Shane Watson,Ajinkya Rahane,Pragyan Ojha,,,,25.835,1,1,,y,5.675,-0.196,-0.535,0.590,26,34,Australian,Indian,Indian,1981-06-17,1988-06-05,2012-02-27,23,2013-04-17 23:28:06.546000
RR,MI,1,7.6,6,135,227,106,-1,Ajinkya Rahane,Shane Watson,Pragyan Ojha,,,,24.514,1,1,,y,5.882,-0.026,0.177,0.783,80,30,Indian,Australian,Indian,1988-06-05,1981-06-17,2012-02-27,23,2013-04-17 23:28:06.546000
RR,MI,1,8.1,1,135,227,210,-1,Ajinkya Rahane,Shane Watson,Kieron Pollard,,,,34.402,1,1,,y,9.066,-0.300,0.346,1.129,68,26,Indian,Australian,West Indian,1988-06-05,1981-06-17,1987-05-12,23,2013-04-17 23:28:06.546000
RR,MI,1,8.2,2,227,135,210,227,Shane Watson,Ajinkya Rahane,Kieron Pollard,c Dinesh Karthik b Kieron Pollard,Shane Watson,caught keeper,34.715,0,0,,y,8.869,-0.813,-0.892,1.006,50,22,Australian,Indian,West Indian,1981-06-17,1988-06-05,1987-05-12,23,2013-04-17 23:28:06.546000
RR,MI,1,8.3,3,141,135,210,-1,Dishant Yagnik,Ajinkya Rahane,Kieron Pollard,,,,35.027,0,0,,n,4.267,0.026,0.200,0.622,50,44,Indian,Indian,West Indian,1983-06-22,1988-06-05,1987-05-12,23,2013-04-17 23:28:06.546000
RR,MI,1,8.4,4,141,135,210,-1,Dishant Yagnik,Ajinkya Rahane,Kieron Pollard,,,,35.607,1,0,Wd,n,8.579,-0.401,-0.355,1.095,5,5,Indian,Indian,West Indian,1983-06-22,1988-06-05,1987-05-12,23,2013-04-17 23:28:06.546000
RR,MI,1,8.5,4,141,135,210,-1,Dishant Yagnik,Ajinkya Rahane,Kieron Pollard,,,,34.626,0,0,,n,7.270,0.130,0.650,0.813,70,29,Indian,Indian,West Indian,1983-06-22,1988-06-05,1987-05-12,23,2013-04-17 23:28:06.546000
RR,MI,1,8.6,5,141,135,210,-1,Dishant Yagnik,Ajinkya Rahane,Kieron Pollard,,,,33.867,4,4,,n,5.791,0.302,0.173,0.793,88,21,Indian,Indian,West Indian,1983-06-22,1988-06-05,1987-05-12,23,2013-04-17 23:28:06.546000
RR,MI,1,8.7,6,141,135,210,-1,Dishant Yagnik,Ajinkya Rahane,Kieron Pollard,,,,35.429,2,2,,n,6.152,0.278,0.059,0.773,17,45,Indian,Indian,West Indian,1983-06-22,1988-06-05,1987-05-12,23,2013-04-17 23:28:06.546000
RR,MI,1,9.1,1,135,141,103,-1,Ajinkya Rahane,Dishant Yagnik,Harbhajan Singh,,,,25.300,1,1,,y,5.565,-0.487,-0.349,0.626,17,25,Indian,Indian,Indian,1988-06-05,1983-06-22,1980-07-03,23,2013-04-17 23:28:06.546000
RR,MI,1,9.2,2,141,135,103,-1,Dishant Yagnik,Ajinkya Rahane,Harbhajan Singh,,,,25.568,0,0,,n,5.389,0.085,0.313,0.821,62,45,Indian,Indian,Indian,1983-06-22,1988-06-05,1980-07-03,23,2013-04-17 23:28:06.546000
RR,MI,1,9.3,3,141,135,103,-1,Dishant Yagnik,Ajinkya Rahane,Harbhajan Singh,,,,24.184,1,1,,n,4.491,0.228,0.354,0.889,23,57,Indian,Indian,Indian,1983-06-22,1988-06-05,1980-07-03,23,2013-04-17 23:28:06.546000
RR,MI,1,9.4,4,135,141,103,-1,Ajinkya Rahane,Dishant Yagnik,Harbhajan Singh,,,,24.095,1,1,,y,6.731,-0.284,-0.027,0.758,83,34,Indian,Indian,Indian,1988-06-05,1983-06-22,1980-07-03,23,2013-04-17 23:28:06.546000
RR,MI,1,9.5,5,141,135,103,-1,Dishant Yagnik,Ajinkya Rahane,Harbhajan Singh,,,,25.478,0,0,,n,5.128,0.124,0.276,0.976,58,24,Indian,Indian,Indian,1983-06-22,1988-06-05,1980-07-03,23,2013-04-17 23:28:06.546000
RR,MI,1,9.6,6,141,135,103,-1,Dishant Yagnik,Ajinkya Rahane,Harbhajan Singh,,,,25.568,0,0,,n,5.627,0.582,0.432,0.572,5,5,Indian,Indian,Indian,1983-06-22,1988-06-05,1980-07-03,23,2013-04-17 23:28:06.546000
RR,MI,1,10.1,1,135,141,210,-1,Ajinkya Rahane,Dishant Yagnik,Kieron Pollard,,,,33.912,4,4,,y,7.872,-0.601,-0.507,0.854,10,28,Indian,Indian,West Indian,1988-06-05,1983-06-22,1987-05-12,23,2013-04-17 23:28:06.546000
RR,MI,1,10.2,2,135,141,210,-1,Ajinkya Rahane,Dishant Yagnik,Kieron Pollard,,,,34.447,0,0,,y,5.678,-0.109,0.242,0.566,65,51,Indian,Indian,West Indian,1988-06-05,1983-06-22,1987-05-12,23,2013-04-17 23:28:06.546000
RR,MI,1,10.3,3,135,141,210,-1,Ajinkya Rahane,Dishant Yagnik,Kieron Pollard,,,,34.536,1,0,Wd,y,5.194,-0.086,0.411,0.500,5,5,Indian,Indian,West Indian,1988-06-05,1983-06-22,1987-05-12,23,2013-04-17 23:28:06.546000
RR,MI,1,10.4,3,135,141,210,-1,Ajinkya Rahane,Dishant Yagnik,Kieron Pollard,,,,34.849,1,1,,y,8.453,-0.598,-0.425,0.844,18,23,Indian,Indian,West Indian,1988-06-05,1983-06-22,1987-05-12,23,2013-04-17 23:28:06.546000
RR,MI,1,10.5,4,141,135,210,-1,Dishant Yagnik,Ajinkya Rahane,Kieron Pollard,,,,35.340,6,6,,n,5.179,0.184,0.036,0.573,11,72,Indian,Indian,West Indian,1983-06-22,1988-06-05,1987-05-12,23,2013-04-17 23:28:06.546000
RR,MI,1,10.6,5,141,135,210,-1,Dishant Yagnik,Ajinkya Rahane,Kieron Pollard,,,,34.179,0,0,,n,11.276,0.549,0.848,1.409,68,32,Indian,Indian,West Indian,1983-06-22,1988-06-05,1987-05-12,23,2013-04-17 23:28:06.546000
RR,MI,1,10.7,6,141,135,210,-1,Dishant Yagnik,Ajinkya Rahane,Kieron Pollard,,,,33.287,4,4,,n,4.100,0.426,0.423,0.551,88,20,Indian,Indian,West Indian,1983-06-22,1988-06-05,1987-05-12,23,2013-04-17 23:28:06.546000
RR,MI,1,11.1,1,135,141,103,-1,Ajinkya Rahane,Dishant Yagnik,Harbhajan Singh,,,,24.988,1,1,,y,5.215,-0.674,-0.306,1.047,12,27,Indian,Indian,Indian,1988-06-05,1983-06-22,1980-07-03,23,2013-04-17 23:28:06.546000
RR,MI,1,11.2,2,141,135,103,-1,Dishant Yagnik,Ajinkya Rahane,Harbhajan Singh,,,,24.764,1,1,,n,5.156,-0.048,-0.076,0.785,16,33,Indian,Indian,Indian,1983-06-22,1988-06-05,1980-07-03,23,2013-04-17 23:28:06.546000
RR,MI,1,11.3,3,135,141,103,-1,Ajinkya Rahane,Dishant Yagnik,Harbhajan Singh,,,,24.675,1,1,,y,5.368,-0.158,0.085,0.712,77,40,Indian,Indian,Indian,1988-06-05,1983-06-22,1980-07-03,23,2013-04-17 23:28:06.546000
RR,MI,1,11.4,4,141,135,103,-1,Dishant Yagnik,Ajinkya Rahane,Harbhajan Singh,,,,24.586,4,4,,n,3.160,-0.057,-0.099,0.737,7,29,Indian,Indian,Indian,1983-06-22,1988-06-05,1980-07-03,23,2013-04-17 23:28:06.546000
RR,MI,1,11.5,5,141,135,103,-1,Dishant Yagnik,Ajinkya Rahane,Harbhajan Singh,,,,-1.000,1,1,,n,,,,,60,20,Indian,Indian,Indian,1983-06-22,1988-06-05,1980-07-03,23,2013-04-17 23:28:06.546000
RR,MI,1,11.6,6,135,141,103,-1,Ajinkya Rahane,Dishant Yagnik,Harbhajan Singh,,,,-1.000,0,0,,y,5.006,-0.458,-0.197,0.864,57,36,Indian,Indian,Indian,1988-06-05,1983-06-22,1980-07-03,23,2013-04-17 23:28:06.546000
RR,MI,1,12.1,1,141,135,1088,-1,Dishant Yagnik,Ajinkya Rahane,Rishi Dhawan,,,,36.321,2,2,,n,8.527,-0.326,-0.128,0.846,16,21,Indian,Indian,Indian,1983-06-22,1988-06-05,1990-02-19,23,2013-04-17 23:28:06.546000
RR,MI,1,12.2,2,141,135,1088,-1,Dishant Yagnik,Ajinkya Rahane,Rishi Dhawan,,,,37.080,1,0,Wd,n,7.579,-0.441,-0.485,0.775,5,5,Indian,Indian,Indian,1983-06-22,1988-06-05,1990-02-19,23,2013-04-17 23:28:06.546000
RR,MI,1,12.3,2,141,135,1088,-1,Dishant Yagnik,Ajinkya Rahane,Rishi Dhawan,,,,36.723,4,4,,n,8.646,-0.050,0.369,1.046,94,26,Indian,Indian,Indian,1983-06-22,1988-06-05,1990-02-19,23,2013-04-17 23:28:06.546000
RR,MI,1,12.4,3,141,135,1088,-1,Dishant Yagnik,Ajinkya Rahane,Rishi Dhawan,,,,37.124,1,0,Nb,n,10.184,-0.354,0.053,1.655,5,5,Indian,Indian,Indian,1983-06-22,1988-06-05,1990-02-19,23,2013-04-17 23:28:06.546000
RR,MI,1,12.5,3,141,135,1088,-1,Dishant Yagnik,Ajinkya Rahane,Rishi Dhawan,,,,35.741,2,1,Nb,n,7.056,0.015,0.156,0.831,30,49,Indian,Indian,Indian,1983-06-22,1988-06-05,1990-02-19,23,2013-04-17 23:28:06.546000
RR,MI,1,12.6,3,135,141,1088,-1,Ajinkya Rahane,Dishant Yagnik,Rishi Dhawan,,,,33.956,0,0,,y,7.274,-0.298,-0.216,0.915,5,5,Indian,Indian,Indian,1988-06-05,1983-06-22,1990-02-19,23,2013-04-17 23:28:06.546000
RR,MI,1,12.7,4,135,141,1088,-1,Ajinkya Rahane,Dishant Yagnik,Rishi Dhawan,,,,37.392,1,1,,y,9.140,-0.309,-0.153,0.798,85,21,Indian,Indian,Indian,1988-06-05,1983-06-22,1990-02-19,23,2013-04-17 23:28:06.546000
RR,MI,1,12.8,5,141,135,1088,-1,Dishant Yagnik,Ajinkya Rahane,Rishi Dhawan,,,,36.946,2,2,,n,5.916,0.023,0.316,0.628,21,61,Indian,Indian,Indian,1983-06-22,1988-06-05,1990-02-19,23,2013-04-17 23:28:06.546000
RR,MI,1,12.9,6,141,135,1088,-1,Dishant Yagnik,Ajinkya Rahane,Rishi Dhawan,,,,37.749,0,0,,n,7.003,0.281,0.775,0.581,5,5,Indian,Indian,Indian,1983-06-22,1988-06-05,1990-02-19,23,2013-04-17 23:28:06.546000
RR,MI,1,13.1,1,135,141,211,-1,Ajinkya Rahane,Dishant Yagnik,Lasith Malinga,,,,38.151,1,1,,y,8.815,-0.225,-0.025,1.108,72,25,Indian,Indian,Sri Lankan,1988-06-05,1983-06-22,1983-08-28,23,2013-04-17 23:28:06.546000
RR,MI,1,13.2,2,141,135,211,-1,Dishant Yagnik,Ajinkya Rahane,Lasith Malinga,,,,39.043,1,1,,n,-0.514,0.386,0.367,0.114,86,38,Indian,Indian,Sri Lankan,1983-06-22,1988-06-05,1983-08-28,23,2013-04-17 23:28:06.546000
RR,MI,1,13.3,3,135,141,211,-1,Ajinkya Rahane,Dishant Yagnik,Lasith Malinga,,,,35.652,1,1,,y,6.727,-0.032,0.179,0.703,78,17,Indian,Indian,Sri Lankan,1988-06-05,1983-06-22,1983-08-28,23,2013-04-17 23:28:06.546000
RR,MI,1,13.4,4,141,135,211,-1,Dishant Yagnik,Ajinkya Rahane,Lasith Malinga,,,,35.206,0,0,,n,7.469,-0.068,0.167,0.722,65,28,Indian,Indian,Sri Lankan,1983-06-22,1988-06-05,1983-08-28,23,2013-04-17 23:28:06.546000
RR,MI,1,13.5,5,141,135,211,-1,Dishant Yagnik,Ajinkya Rahane,Lasith Malinga,,,,38.641,1,1,,n,1.891,0.106,0.143,0.251,88,29,Indian,Indian,Sri Lankan,1983-06-22,1988-06-05,1983-08-28,23,2013-04-17 23:28:06.546000
RR,MI,1,13.6,6,135,141,211,-1,Ajinkya Rahane,Dishant Yagnik,Lasith Malinga,,,,39.266,1,0,Lb,y,2.067,0.110,0.157,0.204,5,5,Indian,Indian,Sri Lankan,1988-06-05,1983-06-22,1983-08-28,23,2013-04-17 23:28:06.546000
RR,MI,1,14.1,1,135,141,103,-1,Ajinkya Rahane,Dishant Yagnik,Harbhajan Singh,,,,25.389,0,0,,y,5.112,-0.369,-0.139,0.693,46,41,Indian,Indian,Indian,1988-06-05,1983-06-22,1980-07-03,23,2013-04-17 23:28:06.546000
RR,MI,1,14.2,2,135,141,103,-1,Ajinkya Rahane,Dishant Yagnik,Harbhajan Singh,,,,24.764,0,0,,y,6.380,-0.063,0.431,0.828,52,41,Indian,Indian,Indian,1988-06-05,1983-06-22,1980-07-03,23,2013-04-17 23:28:06.546000
RR,MI,1,14.3,3,135,141,103,-1,Ajinkya Rahane,Dishant Yagnik,Harbhajan Singh,,,,25.389,1,1,,y,4.581,-0.030,0.220,0.633,42,86,Indian,Indian,Indian,1988-06-05,1983-06-22,1980-07-03,23,2013-04-17 23:28:06.546000
RR,MI,1,14.4,4,141,135,103,141,Dishant Yagnik,Ajinkya Rahane,Harbhajan Singh,c Sachin Tendulkar b Harbhajan Singh,Dishant Yagnik,caught fielder,25.568,0,0,,n,6.562,0.020,-0.099,1.112,62,21,Indian,Indian,Indian,1983-06-22,1988-06-05,1980-07-03,23,2013-04-17 23:28:06.546000
RR,MI,1,14.5,5,148,135,103,-1,Stuart Binny,Ajinkya Rahane,Harbhajan Singh,,,,25.568,1,1,,y,4.829,-0.389,-0.107,0.577,64,79,Indian,Indian,Indian,1984-06-03,1988-06-05,1980-07-03,23,2013-04-17 23:28:06.546000
RR,MI,1,14.6,6,135,148,103,-1,Ajinkya Rahane,Stuart Binny,Harbhajan Singh,,,,25.211,1,1,,y,6.107,-0.412,0.024,0.771,79,58,Indian,Indian,Indian,1988-06-05,1984-06-03,1980-07-03,23,2013-04-17 23:28:06.546000
RR,MI,1,15.1,1,135,148,213,-1,Ajinkya Rahane,Stuart Binny,Mitchell Johnson,,,,37.507,1,0,Wd,y,10.247,-0.477,0.317,0.805,5,5,Indian,Indian,Australian,1988-06-05,1984-06-03,1981-11-02,23,2013-04-17 23:28:06.546000
RR,MI,1,15.2,1,135,148,213,-1,Ajinkya Rahane,Stuart Binny,Mitchell Johnson,,,,39.177,1,1,,y,6.812,-0.529,-0.165,0.764,34,25,Indian,Indian,Australian,1988-06-05,1984-06-03,1981-11-02,23,2013-04-17 23:28:06.546000
RR,MI,1,15.3,2,148,135,213,-1,Stuart Binny,Ajinkya Rahane,Mitchell Johnson,,,,37.615,1,1,,y,7.604,-0.408,0.075,0.921,36,36,Indian,Indian,Australian,1984-06-03,1988-06-05,1981-11-02,23,2013-04-17 23:28:06.546000
RR,MI,1,15.4,3,135,148,213,-1,Ajinkya Rahane,Stuart Binny,Mitchell Johnson,,,,39.088,2,2,,y,10.190,-0.903,-0.724,1.291,16,40,Indian,Indian,Australian,1988-06-05,1984-06-03,1981-11-02,23,2013-04-17 23:28:06.546000
RR,MI,1,15.5,4,135,148,213,-1,Ajinkya Rahane,Stuart Binny,Mitchell Johnson,,,,38.641,1,1,,y,7.900,-0.563,-0.120,1.046,35,27,Indian,Indian,Australian,1988-06-05,1984-06-03,1981-11-02,23,2013-04-17 23:28:06.546000
RR,MI,1,15.6,5,148,135,213,-1,Stuart Binny,Ajinkya Rahane,Mitchell Johnson,,,,39.266,0,0,,y,6.083,-0.548,-0.277,0.755,5,5,Indian,Indian,Australian,1984-06-03,1988-06-05,1981-11-02,23,2013-04-17 23:28:06.546000
RR,MI,1,15.7,6,148,135,213,-1,Stuart Binny,Ajinkya Rahane,Mitchell Johnson,,,,38.686,2,2,,y,8.259,-0.414,0.086,0.862,22,19,Indian,Indian,Australian,1984-06-03,1988-06-05,1981-11-02,23,2013-04-17 23:28:06.546000
RR,MI,1,16.1,1,135,148,106,148,Ajinkya Rahane,Stuart Binny,Pragyan Ojha,run out (Mitchell Johnson/Pragyan Ojha),Stuart Binny,run out,24.898,1,1,,y,4.991,0.146,0.363,0.511,78,22,Indian,Indian,Indian,1988-06-05,1984-06-03,2012-02-27,23,2013-04-17 23:28:06.546000
RR,MI,1,16.2,2,135,229,106,-1,Ajinkya Rahane,Brad Hodge,Pragyan Ojha,,,,24.764,1,1,,y,7.092,-0.181,-0.028,0.736,68,72,Indian,Australian,Indian,1988-06-05,1974-01-29,2012-02-27,23,2013-04-17 23:28:06.546000
RR,MI,1,16.3,3,229,135,106,-1,Brad Hodge,Ajinkya Rahane,Pragyan Ojha,,,,25.478,1,1,,y,5.521,-0.046,-0.050,0.859,35,33,Australian,Indian,Indian,1974-01-29,1988-06-05,2012-02-27,23,2013-04-17 23:28:06.546000
RR,MI,1,16.4,4,135,229,106,-1,Ajinkya Rahane,Brad Hodge,Pragyan Ojha,,,,25.211,1,1,,y,6.222,-0.107,-0.012,0.865,33,45,Indian,Australian,Indian,1988-06-05,1974-01-29,2012-02-27,23,2013-04-17 23:28:06.546000
RR,MI,1,16.5,5,229,135,106,-1,Brad Hodge,Ajinkya Rahane,Pragyan Ojha,,,,25.791,2,2,,y,3.933,-0.106,-0.002,0.362,40,83,Australian,Indian,Indian,1974-01-29,1988-06-05,2012-02-27,23,2013-04-17 23:28:06.546000
RR,MI,1,16.6,6,229,135,106,-1,Brad Hodge,Ajinkya Rahane,Pragyan Ojha,,,,25.746,1,1,,y,4.468,-0.068,-0.014,0.763,64,42,Australian,Indian,Indian,1974-01-29,1988-06-05,2012-02-27,23,2013-04-17 23:28:06.546000
RR,MI,1,17.1,1,229,135,103,-1,Brad Hodge,Ajinkya Rahane,Harbhajan Singh,,,,-1.000,1,1,,y,,,,,39,25,Australian,Indian,Indian,1974-01-29,1988-06-05,1980-07-03,23,2013-04-17 23:28:06.546000
RR,MI,1,17.2,2,135,229,103,-1,Ajinkya Rahane,Brad Hodge,Harbhajan Singh,,,,24.452,1,1,,y,5.832,-0.376,-0.229,0.839,42,85,Indian,Australian,Indian,1988-06-05,1974-01-29,1980-07-03,23,2013-04-17 23:28:06.546000
RR,MI,1,17.3,3,229,135,103,-1,Brad Hodge,Ajinkya Rahane,Harbhajan Singh,,,,-1.000,6,6,,y,4.669,-0.183,-0.005,0.832,94,39,Australian,Indian,Indian,1974-01-29,1988-06-05,1980-07-03,23,2013-04-17 23:28:06.546000
RR,MI,1,17.4,4,229,135,103,-1,Brad Hodge,Ajinkya Rahane,Harbhajan Singh,,,,-1.000,1,0,Wd,y,,,,,5,5,Australian,Indian,Indian,1974-01-29,1988-06-05,1980-07-03,23,2013-04-17 23:28:06.546000
RR,MI,1,17.5,4,229,135,103,-1,Brad Hodge,Ajinkya Rahane,Harbhajan Singh,,,,25.032,1,1,,y,7.123,-0.384,0.006,0.780,42,79,Australian,Indian,Indian,1974-01-29,1988-06-05,1980-07-03,23,2013-04-17 23:28:06.546000
RR,MI,1,17.6,5,135,229,103,-1,Ajinkya Rahane,Brad Hodge,Harbhajan Singh,,,,24.318,1,1,,y,2.750,-0.177,-0.062,0.455,80,51,Indian,Australian,Indian,1988-06-05,1974-01-29,1980-07-03,23,2013-04-17 23:28:06.546000
RR,MI,1,17.7,6,229,135,103,-1,Brad Hodge,Ajinkya Rahane,Harbhajan Singh,,,,25.345,1,1,,y,1.778,-0.261,-0.252,0.360,34,43,Australian,Indian,Indian,1974-01-29,1988-06-05,1980-07-03,23,2013-04-17 23:28:06.546000
RR,MI,1,18.1,1,229,135,106,-1,Brad Hodge,Ajinkya Rahane,Pragyan Ojha,,,,24.675,1,1,,y,5.371,-0.067,-0.057,0.514,82,57,Australian,Indian,Indian,1974-01-29,1988-06-05,2012-02-27,23,2013-04-17 23:28:06.546000
RR,MI,1,18.2,2,135,229,106,-1,Ajinkya Rahane,Brad Hodge,Pragyan Ojha,,,,25.701,1,1,,y,4.930,0.038,0.216,0.410,84,46,Indian,Australian,Indian,1988-06-05,1974-01-29,2012-02-27,23,2013-04-17 23:28:06.546000
RR,MI,1,18.3,3,229,135,106,-1,Brad Hodge,Ajinkya Rahane,Pragyan Ojha,,,,24.675,1,1,,y,3.867,-0.469,-0.556,0.590,12,28,Australian,Indian,Indian,1974-01-29,1988-06-05,2012-02-27,23,2013-04-17 23:28:06.546000
RR,MI,1,18.4,4,135,229,106,-1,Ajinkya Rahane,Brad Hodge,Pragyan Ojha,,,,25.166,1,1,,y,6.247,-0.188,-0.092,0.542,64,84,Indian,Australian,Indian,1988-06-05,1974-01-29,2012-02-27,23,2013-04-17 23:28:06.546000
RR,MI,1,18.5,5,229,135,106,-1,Brad Hodge,Ajinkya Rahane,Pragyan Ojha,,,,25.612,1,1,,y,5.815,-0.119,-0.032,0.768,29,38,Australian,Indian,Indian,1974-01-29,1988-06-05,2012-02-27,23,2013-04-17 23:28:06.546000
RR,MI,1,18.6,6,135,229,106,-1,Ajinkya Rahane,Brad Hodge,Pragyan Ojha,,,,25.211,4,4,,y,4.720,-0.303,-0.239,0.565,24,10,Indian,Australian,Indian,1988-06-05,1974-01-29,2012-02-27,23,2013-04-17 23:28:06.546000
RR,MI,1,19.1,1,229,135,211,-1,Brad Hodge,Ajinkya Rahane,Lasith Malinga,,,,39.445,1,1,,y,5.466,-0.231,-0.211,0.548,43,83,Australian,Indian,Sri Lankan,1974-01-29,1988-06-05,1983-08-28,23,2013-04-17 23:28:06.546000
RR,MI,1,19.2,2,135,229,211,-1,Ajinkya Rahane,Brad Hodge,Lasith Malinga,,,,39.578,1,0,Lb,y,1.756,0.117,0.161,0.238,5,5,Indian,Australian,Sri Lankan,1988-06-05,1974-01-29,1983-08-28,23,2013-04-17 23:28:06.546000
RR,MI,1,19.3,3,229,135,211,-1,Brad Hodge,Ajinkya Rahane,Lasith Malinga,,,,37.794,2,2,,y,0.010,0.165,0.165,0.037,77,71,Australian,Indian,Sri Lankan,1974-01-29,1988-06-05,1983-08-28,23,2013-04-17 23:28:06.546000
RR,MI,1,19.4,4,229,135,211,-1,Brad Hodge,Ajinkya Rahane,Lasith Malinga,,,,37.928,1,1,,y,2.720,0.046,0.136,0.281,32,81,Australian,Indian,Sri Lankan,1974-01-29,1988-06-05,1983-08-28,23,2013-04-17 23:28:06.546000
RR,MI,1,19.5,5,135,229,211,-1,Ajinkya Rahane,Brad Hodge,Lasith Malinga,,,,38.820,2,2,,y,-0.526,0.447,0.423,0.120,42,61,Indian,Australian,Sri Lankan,1988-06-05,1974-01-29,1983-08-28,23,2013-04-17 23:28:06.546000
RR,MI,1,19.6,6,135,229,211,-1,Ajinkya Rahane,Brad Hodge,Lasith Malinga,,,,38.418,0,0,,y,1.397,0.231,0.283,0.201,5,5,Indian,Australian,Sri Lankan,1988-06-05,1974-01-29,1983-08-28,23,2013-04-17 23:28:06.546000
RR,MI,1,20.1,1,229,135,213,-1,Brad Hodge,Ajinkya Rahane,Mitchell Johnson,,,,39.846,6,6,,y,9.860,-0.495,0.356,1.155,94,27,Australian,Indian,Australian,1974-01-29,1988-06-05,1981-11-02,23,2013-04-17 23:28:06.546000
RR,MI,1,20.2,2,229,135,213,-1,Brad Hodge,Ajinkya Rahane,Mitchell Johnson,,,,38.998,1,1,,y,7.948,-0.731,-0.381,0.744,44,38,Australian,Indian,Australian,1974-01-29,1988-06-05,1981-11-02,23,2013-04-17 23:28:06.546000
RR,MI,1,20.3,3,135,229,213,-1,Ajinkya Rahane,Brad Hodge,Mitchell Johnson,,,,38.418,4,4,,y,3.574,-0.619,-0.413,0.332,12,68,Indian,Australian,Australian,1988-06-05,1974-01-29,1981-11-02,23,2013-04-17 23:28:06.546000
RR,MI,1,20.4,4,135,229,213,-1,Ajinkya Rahane,Brad Hodge,Mitchell Johnson,,,,39.891,4,4,,y,8.414,-0.363,0.149,0.811,89,62,Indian,Australian,Australian,1988-06-05,1974-01-29,1981-11-02,23,2013-04-17 23:28:06.546000
RR,MI,1,20.5,5,135,229,213,-1,Ajinkya Rahane,Brad Hodge,Mitchell Johnson,,,,34.820,0,0,,y,10.384,-0.622,-0.158,0.856,5,5,Indian,Australian,Australian,1988-06-05,1974-01-29,1981-11-02,23,2013-04-17 23:28:06.546000
RR,MI,1,20.6,6,135,229,213,-1,Ajinkya Rahane,Brad Hodge,Mitchell Johnson,,,,36.187,4,4,,y,4.321,-0.198,0.047,0.564,8,28,Indian,Australian,Australian,1988-06-05,1974-01-29,1981-11-02,23,2013-04-17 23:28:06.546000
MI,RR,2,1.1,1,97,361,273,-1,Sachin Tendulkar,Ricky Ponting,Ajit Chandila,,,,23.113,1,1,,y,4.132,-0.167,0.067,0.814,60,75,Indian,Australian,Indian,1973-04-24,1974-12-19,2012-01-01,23,2013-04-17 23:28:06.546000
MI,RR,2,1.2,2,361,97,273,-1,Ricky Ponting,Sachin Tendulkar,Ajit Chandila,,,,23.827,1,1,,y,3.987,0.042,0.361,0.543,82,49,Australian,Indian,Indian,1974-12-19,1973-04-24,2012-01-01,23,2013-04-17 23:28:06.546000
MI,RR,2,1.3,3,97,361,273,-1,Sachin Tendulkar,Ricky Ponting,Ajit Chandila,,,,24.497,2,0,Lb,y,4.541,-0.194,0.302,0.812,5,5,Indian,Australian,Indian,1973-04-24,1974-12-19,2012-01-01,23,2013-04-17 23:28:06.546000
MI,RR,2,1.4,4,97,361,273,97,Sachin Tendulkar,Ricky Ponting,Ajit Chandila,c Siddharth Trivedi b Ajit Chandila,Sachin Tendulkar,caught fielder,21.864,0,0,,y,5.018,-0.441,-0.116,0.951,63,19,Indian,Australian,Indian,1973-04-24,1974-12-19,2012-01-01,23,2013-04-17 23:28:06.546000
MI,RR,2,1.5,5,361,102,273,-1,Ricky Ponting,Dinesh Karthik,Ajit Chandila,,,,23.784,0,0,,y,4.820,-0.403,-0.074,0.998,45,35,Australian,Indian,Indian,1974-12-19,1985-06-01,2012-01-01,23,2013-04-17 23:28:06.546000
MI,RR,2,1.6,6,361,102,273,-1,Ricky Ponting,Dinesh Karthik,Ajit Chandila,,,,22.712,0,0,,y,4.508,-0.421,-0.128,0.799,36,33,Australian,Indian,Indian,1974-12-19,1985-06-01,2012-01-01,23,2013-04-17 23:28:06.546000
MI,RR,2,2.1,1,102,361,138,-1,Dinesh Karthik,Ricky Ponting,Ankeet Chavan,,,,24.229,1,1,,y,5.303,-0.041,0.116,0.530,79,23,Indian,Australian,Indian,1985-06-01,1974-12-19,1985-10-28,23,2013-04-17 23:28:06.546000
MI,RR,2,2.2,2,361,102,138,-1,Ricky Ponting,Dinesh Karthik,Ankeet Chavan,,,,25.791,0,0,,y,5.755,-0.194,-0.138,0.823,54,57,Australian,Indian,Indian,1974-12-19,1985-06-01,1985-10-28,23,2013-04-17 23:28:06.546000
MI,RR,2,2.3,3,361,102,138,-1,Ricky Ponting,Dinesh Karthik,Ankeet Chavan,,,,23.783,0,0,,y,6.536,-0.226,-0.178,0.779,30,39,Australian,Indian,Indian,1974-12-19,1985-06-01,1985-10-28,23,2013-04-17 23:28:06.546000
MI,RR,2,2.4,4,361,102,138,-1,Ricky Ponting,Dinesh Karthik,Ankeet Chavan,,,,25.077,1,1,,y,5.946,-0.167,0.038,0.847,65,28,Australian,Indian,Indian,1974-12-19,1985-06-01,1985-10-28,23,2013-04-17 23:28:06.546000
MI,RR,2,2.5,5,102,361,138,-1,Dinesh Karthik,Ricky Ponting,Ankeet Chavan,,,,24.274,0,0,,y,5.335,-0.020,0.126,0.628,67,29,Indian,Australian,Indian,1985-06-01,1974-12-19,1985-10-28,23,2013-04-17 23:28:06.546000
MI,RR,2,2.6,6,102,361,138,-1,Dinesh Karthik,Ricky Ponting,Ankeet Chavan,,,,25.121,0,0,,y,6.016,-0.055,-0.061,0.733,5,5,Indian,Australian,Indian,1985-06-01,1974-12-19,1985-10-28,23,2013-04-17 23:28:06.546000
MI,RR,2,3.1,1,361,102,273,-1,Ricky Ponting,Dinesh Karthik,Ajit Chandila,,,,24.497,1,1,,y,4.478,-0.423,-0.097,0.926,34,28,Australian,Indian,Indian,1974-12-19,1985-06-01,2012-01-01,23,2013-04-17 23:28:06.546000
MI,RR,2,3.2,2,102,361,273,-1,Dinesh Karthik,Ricky Ponting,Ajit Chandila,,,,22.980,1,1,,y,3.080,-0.390,-0.099,0.673,60,77,Indian,Australian,Indian,1985-06-01,1974-12-19,2012-01-01,23,2013-04-17 23:28:06.546000
MI,RR,2,3.3,3,361,102,273,-1,Ricky Ponting,Dinesh Karthik,Ajit Chandila,,,,22.221,1,1,,y,5.958,-0.380,-0.139,0.533,86,30,Australian,Indian,Indian,1974-12-19,1985-06-01,2012-01-01,23,2013-04-17 23:28:06.546000
MI,RR,2,3.4,4,102,361,273,-1,Dinesh Karthik,Ricky Ponting,Ajit Chandila,,,,23.917,1,1,,y,6.474,-0.495,-0.332,0.744,69,74,Indian,Australian,Indian,1985-06-01,1974-12-19,2012-01-01,23,2013-04-17 23:28:06.546000
MI,RR,2,3.5,5,361,102,273,361,Ricky Ponting,Dinesh Karthik,Ajit Chandila,c & b Ajit Chandila,Ricky Ponting,caught fielder,21.953,0,0,,y,4.177,-0.215,0.146,0.781,48,42,Australian,Indian,Indian,1974-12-19,1985-06-01,2012-01-01,23,2013-04-17 23:28:06.546000
MI,RR,2,3.6,6,107,102,273,-1,Rohit Sharma,Dinesh Karthik,Ajit Chandila,,,,24.184,0,0,,y,5.655,-0.234,0.117,0.762,59,40,Indian,Indian,Indian,1987-04-30,1985-06-01,2012-01-01,23,2013-04-17 23:28:06.546000
MI,RR,2,4.1,1,102,107,138,-1,Dinesh Karthik,Rohit Sharma,Ankeet Chavan,,,,24.675,0,0,,y,5.340,-0.059,0.067,0.973,60,36,Indian,Indian,Indian,1985-06-01,1987-04-30,1985-10-28,23,2013-04-17 23:28:06.546000
MI,RR,2,4.2,2,102,107,138,-1,Dinesh Karthik,Rohit Sharma,Ankeet Chavan,,,,25.345,0,0,,y,5.463,-0.085,-0.431,0.807,5,5,Indian,Indian,Indian,1985-06-01,1987-04-30,1985-10-28,23,2013-04-17 23:28:06.546000
MI,RR,2,4.3,3,102,107,138,-1,Dinesh Karthik,Rohit Sharma,Ankeet Chavan,,,,25.969,0,0,,y,5.708,0.010,0.092,0.376,49,36,Indian,Indian,Indian,1985-06-01,1987-04-30,1985-10-28,23,2013-04-17 23:28:06.546000
MI,RR,2,4.4,4,102,107,138,-1,Dinesh Karthik,Rohit Sharma,Ankeet Chavan,,,,26.728,1,0,Wd,y,5.572,0.122,0.335,0.767,5,5,Indian,Indian,Indian,1985-06-01,1987-04-30,1985-10-28,23,2013-04-17 23:28:06.546000
MI,RR,2,4.5,4,102,107,138,-1,Dinesh Karthik,Rohit Sharma,Ankeet Chavan,,,,24.497,0,0,,y,5.273,0.028,0.244,0.582,5,5,Indian,Indian,Indian,1985-06-01,1987-04-30,1985-10-28,23,2013-04-17 23:28:06.546000
MI,RR,2,4.6,5,102,107,138,-1,Dinesh Karthik,Rohit Sharma,Ankeet Chavan,,,,-1.000,4,4,,y,,,,,67,88,Indian,Indian,Indian,1985-06-01,1987-04-30,1985-10-28,23,2013-04-17 23:28:06.546000
MI,RR,2,4.7,6,102,107,138,-1,Dinesh Karthik,Rohit Sharma,Ankeet Chavan,,,,25.601,1,1,,y,5.401,-0.014,-0.020,0.811,82,28,Indian,Indian,Indian,1985-06-01,1987-04-30,1985-10-28,23,2013-04-17 23:28:06.546000
MI,RR,2,5.1,1,102,107,193,-1,Dinesh Karthik,Rohit Sharma,James Faulkner,,,,35.741,4,4,,y,5.105,-0.093,-0.459,0.554,46,93,Indian,Indian,Australian,1985-06-01,1987-04-30,1990-04-29,23,2013-04-17 23:28:06.546000
MI,RR,2,5.2,2,102,107,193,-1,Dinesh Karthik,Rohit Sharma,James Faulkner,,,,36.544,0,0,,y,6.574,0.062,-0.296,0.738,28,42,Indian,Indian,Australian,1985-06-01,1987-04-30,1990-04-29,23,2013-04-17 23:28:06.546000
MI,RR,2,5.3,3,102,107,193,-1,Dinesh Karthik,Rohit Sharma,James Faulkner,,,,32.218,1,0,Lb,y,7.994,0.106,0.135,0.983,5,5,Indian,Indian,Australian,1985-06-01,1987-04-30,1990-04-29,23,2013-04-17 23:28:06.546000
MI,RR,2,5.4,4,107,102,193,-1,Rohit Sharma,Dinesh Karthik,James Faulkner,,,,36.410,1,1,,y,7.992,0.088,-0.437,0.977,24,22,Indian,Indian,Australian,1987-04-30,1985-06-01,1990-04-29,23,2013-04-17 23:28:06.546000
MI,RR,2,5.5,5,102,107,193,-1,Dinesh Karthik,Rohit Sharma,James Faulkner,,,,36.500,1,0,Wd,y,9.481,0.336,0.292,0.818,5,5,Indian,Indian,Australian,1985-06-01,1987-04-30,1990-04-29,23,2013-04-17 23:28:06.546000
MI,RR,2,5.6,5,102,107,193,-1,Dinesh Karthik,Rohit Sharma,James Faulkner,,,,-1.000,1,1,,y,8.118,-0.234,-0.455,1.016,27,17,Indian,Indian,Australian,1985-06-01,1987-04-30,1990-04-29,23,2013-04-17 23:28:06.546000
MI,RR,2,5.7,6,107,102,193,-1,Rohit Sharma,Dinesh Karthik,James Faulkner,,,,33.409,0,0,,y,8.930,-0.078,-0.342,0.989,32,31,Indian,Indian,Australian,1987-04-30,1985-06-01,1990-04-29,23,2013-04-17 23:28:06.546000
MI,RR,2,6.1,1,102,107,138,-1,Dinesh Karthik,Rohit Sharma,Ankeet Chavan,,,,25.880,1,1,,y,5.132,0.052,0.042,0.838,74,22,Indian,Indian,Indian,1985-06-01,1987-04-30,1985-10-28,23,2013-04-17 23:28:06.546000
MI,RR,2,6.2,2,107,102,138,-1,Rohit Sharma,Dinesh Karthik,Ankeet Chavan,,,,26.549,0,0,,y,4.182,-0.162,-0.450,0.744,5,5,Indian,Indian,Indian,1987-04-30,1985-06-01,1985-10-28,23,2013-04-17 23:28:06.546000
MI,RR,2,6.3,3,107,102,138,-1,Rohit Sharma,Dinesh Karthik,Ankeet Chavan,,,,26.594,0,0,,y,5.447,-0.034,-0.059,0.727,41,44,Indian,Indian,Indian,1987-04-30,1985-06-01,1985-10-28,23,2013-04-17 23:28:06.546000
MI,RR,2,6.4,4,107,102,138,-1,Rohit Sharma,Dinesh Karthik,Ankeet Chavan,,,,26.415,1,1,,y,5.507,-0.054,0.052,0.857,80,50,Indian,Indian,Indian,1987-04-30,1985-06-01,1985-10-28,23,2013-04-17 23:28:06.546000
MI,RR,2,6.5,5,102,107,138,-1,Dinesh Karthik,Rohit Sharma,Ankeet Chavan,,,,25.434,0,0,,y,4.654,-0.113,-0.172,0.864,37,40,Indian,Indian,Indian,1985-06-01,1987-04-30,1985-10-28,23,2013-04-17 23:28:06.546000
MI,RR,2,6.6,6,102,107,138,-1,Dinesh Karthik,Rohit Sharma,Ankeet Chavan,,,,25.791,0,0,,y,5.552,-0.207,-0.247,0.635,31,29,Indian,Indian,Indian,1985-06-01,1987-04-30,1985-10-28,23,2013-04-17 23:28:06.546000
MI,RR,2,7.1,1,107,102,147,107,Rohit Sharma,Dinesh Karthik,Siddharth Trivedi,c Shane Watson b Siddharth Trivedi,Rohit Sharma,caught fielder,32.662,0,0,,y,8.963,-0.284,-0.144,1.137,69,44,Indian,Indian,Indian,1987-04-30,1985-06-01,1982-09-04,23,2013-04-17 23:28:06.546000
MI,RR,2,7.2,2,210,102,147,-1,Kieron Pollard,Dinesh Karthik,Siddharth Trivedi,,,,34.224,0,0,,y,8.171,-0.329,-0.573,1.006,5,5,West Indian,Indian,Indian,1987-05-12,1985-06-01,1982-09-04,23,2013-04-17 23:28:06.546000
MI,RR,2,7.3,3,210,102,147,-1,Kieron Pollard,Dinesh Karthik,Siddharth Trivedi,,,,33.644,0,0,,y,8.312,-0.202,-0.311,0.919,34,28,West Indian,Indian,Indian,1987-05-12,1985-06-01,1982-09-04,23,2013-04-17 23:28:06.546000
MI,RR,2,7.4,4,210,102,147,-1,Kieron Pollard,Dinesh Karthik,Siddharth Trivedi,,,,33.778,0,0,,y,7.463,-0.247,-0.202,0.934,40,30,West Indian,Indian,Indian,1987-05-12,1985-06-01,1982-09-04,23,2013-04-17 23:28:06.546000
MI,RR,2,7.5,5,210,102,147,-1,Kieron Pollard,Dinesh Karthik,Siddharth Trivedi,,,,33.064,0,0,,y,9.352,-0.301,-0.156,1.171,46,39,West Indian,Indian,Indian,1987-05-12,1985-06-01,1982-09-04,23,2013-04-17 23:28:06.546000
MI,RR,2,7.6,6,210,102,147,-1,Kieron Pollard,Dinesh Karthik,Siddharth Trivedi,,,,34.313,0,0,,y,8.057,-0.147,-0.022,0.942,52,42,West Indian,Indian,Indian,1987-05-12,1985-06-01,1982-09-04,23,2013-04-17 23:28:06.546000
MI,RR,2,8.1,1,102,210,148,-1,Dinesh Karthik,Kieron Pollard,Stuart Binny,,,,33.465,2,2,,y,8.423,-0.421,-0.584,0.879,14,28,Indian,West Indian,Indian,1985-06-01,1987-05-12,1984-06-03,23,2013-04-17 23:28:06.546000
MI,RR,2,8.2,2,102,210,148,-1,Dinesh Karthik,Kieron Pollard,Stuart Binny,,,,32.350,1,1,,y,9.512,-0.399,-0.391,0.894,81,60,Indian,West Indian,Indian,1985-06-01,1987-05-12,1984-06-03,23,2013-04-17 23:28:06.546000
MI,RR,2,8.3,3,210,102,148,-1,Kieron Pollard,Dinesh Karthik,Stuart Binny,,,,33.153,1,1,,y,6.467,-0.259,-0.220,0.675,61,85,West Indian,Indian,Indian,1987-05-12,1985-06-01,1984-06-03,23,2013-04-17 23:28:06.546000
MI,RR,2,8.4,4,102,210,148,-1,Dinesh Karthik,Kieron Pollard,Stuart Binny,,,,33.153,1,1,,y,8.544,-0.507,-0.704,0.840,16,21,Indian,West Indian,Indian,1985-06-01,1987-05-12,1984-06-03,23,2013-04-17 23:28:06.546000
MI,RR,2,8.5,5,210,102,148,210,Kieron Pollard,Dinesh Karthik,Stuart Binny,b Stuart Binny,Kieron Pollard,bowled,32.484,0,0,,y,6.340,-0.152,-0.038,0.690,5,5,West Indian,Indian,Indian,1987-05-12,1985-06-01,1984-06-03,23,2013-04-17 23:28:06.546000
MI,RR,2,8.6,6,100,102,148,-1,Ambati Rayudu,Dinesh Karthik,Stuart Binny,,,,33.376,4,4,,y,6.887,-0.472,-0.516,0.863,47,6,Indian,Indian,Indian,1985-09-23,1985-06-01,1984-06-03,23,2013-04-17 23:28:06.546000
MI,RR,2,9.1,1,102,100,147,-1,Dinesh Karthik,Ambati Rayudu,Siddharth Trivedi,,,,33.510,0,0,,y,6.740,-0.169,-0.065,0.634,40,39,Indian,Indian,Indian,1985-06-01,1985-09-23,1982-09-04,23,2013-04-17 23:28:06.546000
MI,RR,2,9.2,2,102,100,147,-1,Dinesh Karthik,Ambati Rayudu,Siddharth Trivedi,,,,33.376,1,0,Lb,y,7.124,0.026,0.306,0.808,5,5,Indian,Indian,Indian,1985-06-01,1985-09-23,1982-09-04,23,2013-04-17 23:28:06.546000
MI,RR,2,9.3,3,100,102,147,-1,Ambati Rayudu,Dinesh Karthik,Siddharth Trivedi,,,,33.689,2,2,,y,7.244,-0.133,0.074,0.749,80,30,Indian,Indian,Indian,1985-09-23,1985-06-01,1982-09-04,23,2013-04-17 23:28:06.546000
MI,RR,2,9.4,4,100,102,147,-1,Ambati Rayudu,Dinesh Karthik,Siddharth Trivedi,,,,34.804,0,0,,y,5.395,-0.057,-0.000,0.695,40,57,Indian,Indian,Indian,1985-09-23,1985-06-01,1982-09-04,23,2013-04-17 23:28:06.546000
MI,RR,2,9.5,5,100,102,147,-1,Ambati Rayudu,Dinesh Karthik,Siddharth Trivedi,,,,33.287,0,0,,y,6.584,-0.081,0.186,0.649,65,49,Indian,Indian,Indian,1985-09-23,1985-06-01,1982-09-04,23,2013-04-17 23:28:06.546000
MI,RR,2,9.6,6,100,102,147,-1,Ambati Rayudu,Dinesh Karthik,Siddharth Trivedi,,,,34.804,1,1,,y,9.446,-0.229,0.170,0.930,60,27,Indian,Indian,Indian,1985-09-23,1985-06-01,1982-09-04,23,2013-04-17 23:28:06.546000
MI,RR,2,10.1,1,100,102,148,-1,Ambati Rayudu,Dinesh Karthik,Stuart Binny,,,,32.484,0,0,,y,10.427,-0.539,-0.666,0.939,34,30,Indian,Indian,Indian,1985-09-23,1985-06-01,1984-06-03,23,2013-04-17 23:28:06.546000
MI,RR,2,10.2,2,100,102,148,-1,Ambati Rayudu,Dinesh Karthik,Stuart Binny,,,,32.439,0,0,,y,7.731,-0.513,-0.601,0.783,5,5,Indian,Indian,Indian,1985-09-23,1985-06-01,1984-06-03,23,2013-04-17 23:28:06.546000
MI,RR,2,10.3,3,100,102,148,-1,Ambati Rayudu,Dinesh Karthik,Stuart Binny,,,,34.313,1,1,,y,5.986,-0.333,-0.463,0.623,10,35,Indian,Indian,Indian,1985-09-23,1985-06-01,1984-06-03,23,2013-04-17 23:28:06.546000
MI,RR,2,10.4,4,102,100,148,-1,Dinesh Karthik,Ambati Rayudu,Stuart Binny,,,,34.224,1,1,,y,9.633,-0.724,-0.878,0.970,10,41,Indian,Indian,Indian,1985-06-01,1985-09-23,1984-06-03,23,2013-04-17 23:28:06.546000
MI,RR,2,10.5,5,100,102,148,-1,Ambati Rayudu,Dinesh Karthik,Stuart Binny,,,,33.555,0,0,,y,7.223,-0.471,-0.368,0.838,5,5,Indian,Indian,Indian,1985-09-23,1985-06-01,1984-06-03,23,2013-04-17 23:28:06.546000
MI,RR,2,10.6,6,100,102,148,-1,Ambati Rayudu,Dinesh Karthik,Stuart Binny,,,,33.555,1,1,,y,7.452,-0.386,-0.366,0.697,19,29,Indian,Indian,Indian,1985-09-23,1985-06-01,1984-06-03,23,2013-04-17 23:28:06.546000
MI,RR,2,11.1,1,100,102,147,-1,Ambati Rayudu,Dinesh Karthik,Siddharth Trivedi,,,,34.179,2,2,,y,9.231,-0.440,-0.474,1.302,66,73,Indian,Indian,Indian,1985-09-23,1985-06-01,1982-09-04,23,2013-04-17 23:28:06.546000
MI,RR,2,11.2,2,100,102,147,-1,Ambati Rayudu,Dinesh Karthik,Siddharth Trivedi,,,,35.072,0,0,,y,6.750,-0.241,-0.279,0.781,34,34,Indian,Indian,Indian,1985-09-23,1985-06-01,1982-09-04,23,2013-04-17 23:28:06.546000
MI,RR,2,11.3,3,100,102,147,-1,Ambati Rayudu,Dinesh Karthik,Siddharth Trivedi,,,,34.224,0,0,,y,9.054,-0.224,0.101,1.149,5,5,Indian,Indian,Indian,1985-09-23,1985-06-01,1982-09-04,23,2013-04-17 23:28:06.546000
MI,RR,2,11.4,4,100,102,147,-1,Ambati Rayudu,Dinesh Karthik,Siddharth Trivedi,,,,34.536,1,1,,y,10.413,-0.211,-0.130,1.117,70,79,Indian,Indian,Indian,1985-09-23,1985-06-01,1982-09-04,23,2013-04-17 23:28:06.546000
MI,RR,2,11.5,5,102,100,147,-1,Dinesh Karthik,Ambati Rayudu,Siddharth Trivedi,,,,33.689,0,0,,y,11.149,-0.247,-0.057,1.399,36,29,Indian,Indian,Indian,1985-06-01,1985-09-23,1982-09-04,23,2013-04-17 23:28:06.546000
MI,RR,2,11.6,6,102,100,147,-1,Dinesh Karthik,Ambati Rayudu,Siddharth Trivedi,,,,35.116,4,4,,y,9.533,-0.171,0.081,1.142,94,35,Indian,Indian,Indian,1985-06-01,1985-09-23,1982-09-04,23,2013-04-17 23:28:06.546000
MI,RR,2,12.1,1,100,102,232,-1,Ambati Rayudu,Dinesh Karthik,Kevon Cooper,,,,35.518,2,2,,y,7.671,-0.425,-0.165,0.976,19,21,Indian,Indian,West Indian,1985-09-23,1985-06-01,1989-02-02,23,2013-04-17 23:28:06.546000
MI,RR,2,12.2,2,100,102,232,-1,Ambati Rayudu,Dinesh Karthik,Kevon Cooper,,,,36.277,1,1,,y,4.696,-0.569,-0.514,0.504,15,41,Indian,Indian,West Indian,1985-09-23,1985-06-01,1989-02-02,23,2013-04-17 23:28:06.546000
MI,RR,2,12.3,3,102,100,232,-1,Dinesh Karthik,Ambati Rayudu,Kevon Cooper,,,,35.072,2,2,,y,5.597,-0.359,-0.217,0.655,40,10,Indian,Indian,West Indian,1985-06-01,1985-09-23,1989-02-02,23,2013-04-17 23:28:06.546000
MI,RR,2,12.4,4,102,100,232,-1,Dinesh Karthik,Ambati Rayudu,Kevon Cooper,,,,34.670,1,1,,y,3.750,-0.114,0.060,0.565,74,40,Indian,Indian,West Indian,1985-06-01,1985-09-23,1989-02-02,23,2013-04-17 23:28:06.546000
MI,RR,2,12.5,5,100,102,232,-1,Ambati Rayudu,Dinesh Karthik,Kevon Cooper,,,,36.455,1,1,,y,3.573,-0.294,-0.169,0.395,37,83,Indian,Indian,West Indian,1985-09-23,1985-06-01,1989-02-02,23,2013-04-17 23:28:06.546000
MI,RR,2,12.6,6,102,100,232,-1,Dinesh Karthik,Ambati Rayudu,Kevon Cooper,,,,35.875,1,1,,y,7.437,-0.480,-0.301,0.678,24,18,Indian,Indian,West Indian,1985-06-01,1985-09-23,1989-02-02,23,2013-04-17 23:28:06.546000
MI,RR,2,13.1,1,102,100,193,-1,Dinesh Karthik,Ambati Rayudu,James Faulkner,,,,37.169,1,1,,y,7.267,-0.056,-0.227,0.813,15,38,Indian,Indian,Australian,1985-06-01,1985-09-23,1990-04-29,23,2013-04-17 23:28:06.546000
MI,RR,2,13.2,2,100,102,193,-1,Ambati Rayudu,Dinesh Karthik,James Faulkner,,,,34.179,1,1,,y,2.537,-0.154,-0.199,0.484,36,47,Indian,Indian,Australian,1985-09-23,1985-06-01,1990-04-29,23,2013-04-17 23:28:06.546000
MI,RR,2,13.3,3,102,100,193,-1,Dinesh Karthik,Ambati Rayudu,James Faulkner,,,,37.347,2,2,,y,5.210,-0.010,-0.196,0.661,21,54,Indian,Indian,Australian,1985-06-01,1985-09-23,1990-04-29,23,2013-04-17 23:28:06.546000
MI,RR,2,13.4,4,102,100,193,102,Dinesh Karthik,Ambati Rayudu,James Faulkner,c Brad Hodge b James Faulkner,Dinesh Karthik,caught fielder,36.589,0,0,,y,6.563,0.245,0.280,0.936,72,74,Indian,Indian,Australian,1985-06-01,1985-09-23,1990-04-29,23,2013-04-17 23:28:06.546000
MI,RR,2,13.5,5,100,1088,193,-1,Ambati Rayudu,Rishi Dhawan,James Faulkner,,,,36.591,0,0,,y,8.865,0.138,-0.054,0.971,5,5,Indian,Indian,Australian,1985-09-23,1990-02-19,1990-04-29,23,2013-04-17 23:28:06.546000
MI,RR,2,13.6,6,100,1088,193,-1,Ambati Rayudu,Rishi Dhawan,James Faulkner,,,,34.759,1,1,,y,8.052,0.049,0.056,1.238,36,44,Indian,Indian,Australian,1985-09-23,1990-02-19,1990-04-29,23,2013-04-17 23:28:06.546000
MI,RR,2,14.1,1,100,1088,148,-1,Ambati Rayudu,Rishi Dhawan,Stuart Binny,,,,35.875,1,1,,y,8.235,-0.331,-0.332,0.584,20,21,Indian,Indian,Indian,1985-09-23,1990-02-19,1984-06-03,23,2013-04-17 23:28:06.546000
MI,RR,2,14.2,2,1088,100,148,1088,Rishi Dhawan,Ambati Rayudu,Stuart Binny,c James Faulkner b Stuart Binny,Rishi Dhawan,caught fielder,34.090,0,0,,y,5.060,-0.060,0.143,0.400,63,42,Indian,Indian,Indian,1990-02-19,1985-09-23,1984-06-03,23,2013-04-17 23:28:06.546000
MI,RR,2,14.3,3,103,100,148,-1,Harbhajan Singh,Ambati Rayudu,Stuart Binny,,,,34.313,1,1,,y,5.192,-0.182,0.061,0.538,63,78,Indian,Indian,Indian,1980-07-03,1985-09-23,1984-06-03,23,2013-04-17 23:28:06.546000
MI,RR,2,14.4,4,100,103,148,-1,Ambati Rayudu,Harbhajan Singh,Stuart Binny,,,,35.161,0,0,,y,7.317,-0.329,-0.506,0.721,5,5,Indian,Indian,Indian,1985-09-23,1980-07-03,1984-06-03,23,2013-04-17 23:28:06.546000
MI,RR,2,14.5,5,100,103,148,103,Ambati Rayudu,Harbhajan Singh,Stuart Binny,run out (Rahul Dravid),Harbhajan Singh,run out,34.804,0,0,,y,8.870,-0.224,0.158,1.046,68,31,Indian,Indian,Indian,1985-09-23,1980-07-03,1984-06-03,23,2013-04-17 23:28:06.546000
MI,RR,2,14.6,6,213,100,148,-1,Mitchell Johnson,Ambati Rayudu,Stuart Binny,,,,34.179,0,0,,n,6.002,0.234,0.479,0.592,48,22,Australian,Indian,Indian,1981-11-02,1985-09-23,1984-06-03,23,2013-04-17 23:28:06.546000
MI,RR,2,15.1,1,100,213,147,-1,Ambati Rayudu,Mitchell Johnson,Siddharth Trivedi,,,,35.340,1,1,,y,6.662,-0.170,-0.091,0.960,34,27,Indian,Australian,Indian,1985-09-23,1981-11-02,1982-09-04,23,2013-04-17 23:28:06.546000
MI,RR,2,15.2,2,213,100,147,-1,Mitchell Johnson,Ambati Rayudu,Siddharth Trivedi,,,,34.090,0,0,,n,7.706,-0.035,0.218,0.572,43,41,Australian,Indian,Indian,1981-11-02,1985-09-23,1982-09-04,23,2013-04-17 23:28:06.546000
MI,RR,2,15.3,3,213,100,147,-1,Mitchell Johnson,Ambati Rayudu,Siddharth Trivedi,,,,34.447,0,0,,n,8.210,-0.008,0.281,0.986,59,44,Australian,Indian,Indian,1981-11-02,1985-09-23,1982-09-04,23,2013-04-17 23:28:06.546000
MI,RR,2,15.4,4,213,100,147,-1,Mitchell Johnson,Ambati Rayudu,Siddharth Trivedi,,,,33.689,4,4,,n,8.796,-0.241,-0.054,1.020,6,37,Australian,Indian,Indian,1981-11-02,1985-09-23,1982-09-04,23,2013-04-17 23:28:06.546000
MI,RR,2,15.5,5,213,100,147,-1,Mitchell Johnson,Ambati Rayudu,Siddharth Trivedi,,,,34.804,1,1,,n,9.490,-0.187,0.105,1.054,15,56,Australian,Indian,Indian,1981-11-02,1985-09-23,1982-09-04,23,2013-04-17 23:28:06.546000
MI,RR,2,15.6,6,100,213,147,-1,Ambati Rayudu,Mitchell Johnson,Siddharth Trivedi,,,,34.849,1,1,,y,7.481,-0.176,0.069,0.877,87,27,Indian,Australian,Indian,1985-09-23,1981-11-02,1982-09-04,23,2013-04-17 23:28:06.546000
MI,RR,2,16.1,1,100,213,232,-1,Ambati Rayudu,Mitchell Johnson,Kevon Cooper,,,,34.938,1,1,,y,1.662,0.015,0.089,-0.284,39,62,Indian,Australian,West Indian,1985-09-23,1981-11-02,1989-02-02,23,2013-04-17 23:28:06.546000
MI,RR,2,16.2,2,213,100,232,-1,Mitchell Johnson,Ambati Rayudu,Kevon Cooper,,,,33.153,1,1,,n,6.853,-0.141,0.158,0.834,16,29,Australian,Indian,West Indian,1981-11-02,1985-09-23,1989-02-02,23,2013-04-17 23:28:06.546000
MI,RR,2,16.3,3,100,213,232,-1,Ambati Rayudu,Mitchell Johnson,Kevon Cooper,,,,34.046,4,4,,y,7.606,-0.459,-0.209,0.959,16,14,Indian,Australian,West Indian,1985-09-23,1981-11-02,1989-02-02,23,2013-04-17 23:28:06.546000
MI,RR,2,16.4,4,100,213,232,-1,Ambati Rayudu,Mitchell Johnson,Kevon Cooper,,,,36.232,1,1,,y,2.244,-0.296,-0.215,0.332,41,83,Indian,Australian,West Indian,1985-09-23,1981-11-02,1989-02-02,23,2013-04-17 23:28:06.546000
MI,RR,2,16.5,5,213,100,232,-1,Mitchell Johnson,Ambati Rayudu,Kevon Cooper,,,,-1.000,4,4,,n,7.820,-0.163,0.280,0.886,10,24,Australian,Indian,West Indian,1981-11-02,1985-09-23,1989-02-02,23,2013-04-17 23:28:06.546000
MI,RR,2,16.6,6,213,100,232,-1,Mitchell Johnson,Ambati Rayudu,Kevon Cooper,,,,34.938,1,1,,n,0.080,-0.130,-0.126,0.048,34,46,Australian,Indian,West Indian,1981-11-02,1985-09-23,1989-02-02,23,2013-04-17 23:28:06.546000
MI,RR,2,17.1,1,213,100,193,213,Mitchell Johnson,Ambati Rayudu,James Faulkner,b James Faulkner,Mitchell Johnson,bowled,36.321,0,0,,n,5.082,0.164,0.055,0.532,51,29,Australian,Indian,Australian,1981-11-02,1985-09-23,1990-04-29,23,2013-04-17 23:28:06.546000
MI,RR,2,17.2,2,211,100,193,-1,Lasith Malinga,Ambati Rayudu,James Faulkner,,,,34.983,0,0,,y,5.667,-0.309,-0.468,0.631,36,45,Sri Lankan,Indian,Australian,1983-08-28,1985-09-23,1990-04-29,23,2013-04-17 23:28:06.546000
MI,RR,2,17.3,3,211,100,193,-1,Lasith Malinga,Ambati Rayudu,James Faulkner,,,,34.162,0,0,,y,2.208,-0.734,-0.787,0.374,48,24,Sri Lankan,Indian,Australian,1983-08-28,1985-09-23,1990-04-29,23,2013-04-17 23:28:06.546000
MI,RR,2,17.4,4,211,100,193,-1,Lasith Malinga,Ambati Rayudu,James Faulkner,,,,37.437,0,0,,y,7.795,0.372,0.422,0.776,5,5,Sri Lankan,Indian,Australian,1983-08-28,1985-09-23,1990-04-29,23,2013-04-17 23:28:06.546000
MI,RR,2,17.5,5,211,100,193,-1,Lasith Malinga,Ambati Rayudu,James Faulkner,,,,34.313,0,0,,y,6.498,-0.357,-0.680,0.955,33,28,Sri Lankan,Indian,Australian,1983-08-28,1985-09-23,1990-04-29,23,2013-04-17 23:28:06.546000
MI,RR,2,17.6,6,211,100,193,-1,Lasith Malinga,Ambati Rayudu,James Faulkner,,,,36.187,0,0,,y,6.589,0.173,0.094,0.828,60,40,Sri Lankan,Indian,Australian,1983-08-28,1985-09-23,1990-04-29,23,2013-04-17 23:28:06.546000
MI,RR,2,18.1,1,100,211,232,100,Ambati Rayudu,Lasith Malinga,Kevon Cooper,lbw Kevon Cooper,Ambati Rayudu,other,-1.000,0,0,,y,4.025,-0.106,0.164,0.453,5,5,Indian,Sri Lankan,West Indian,1985-09-23,1983-08-28,1989-02-02,23,2013-04-17 23:28:06.546000
MI,RR,2,18.2,2,106,211,232,-1,Pragyan Ojha,Lasith Malinga,Kevon Cooper,,,,35.340,1,1,,n,10.897,-0.404,-0.018,1.169,38,39,Indian,Sri Lankan,West Indian,2012-02-27,1983-08-28,1989-02-02,23,2013-04-17 23:28:06.546000
MI,RR,2,18.3,3,211,106,232,-1,Lasith Malinga,Pragyan Ojha,Kevon Cooper,,,,34.983,0,0,,y,3.180,-0.821,-0.774,0.340,5,5,Sri Lankan,Indian,West Indian,1983-08-28,2012-02-27,1989-02-02,23,2013-04-17 23:28:06.546000
MI,RR,2,18.4,4,211,106,232,-1,Lasith Malinga,Pragyan Ojha,Kevon Cooper,,,,-1.000,2,2,,y,3.911,-0.519,-0.428,0.497,12,34,Sri Lankan,Indian,West Indian,1983-08-28,2012-02-27,1989-02-02,23,2013-04-17 23:28:06.546000
MI,RR,2,18.5,5,211,106,232,-1,Lasith Malinga,Pragyan Ojha,Kevon Cooper,,,,-1.000,0,0,,y,8.959,-0.690,-0.537,0.781,5,5,Sri Lankan,Indian,West Indian,1983-08-28,2012-02-27,1989-02-02,23,2013-04-17 23:28:06.546000
MI,RR,2,18.6,6,211,106,232,-1,Lasith Malinga,Pragyan Ojha,Kevon Cooper,,,,-1.000,1,0,Wd,y,5.697,0.098,0.453,0.637,5,5,Sri Lankan,Indian,West Indian,1983-08-28,2012-02-27,1989-02-02,23,2013-04-17 23:28:06.546000
MI,RR,2,18.7,6,211,106,232,-1,Lasith Malinga,Pragyan Ojha,Kevon Cooper,,,,-1.000,1,1,,y,8.003,-0.140,0.273,0.722,66,23,Sri Lankan,Indian,West Indian,1983-08-28,2012-02-27,1989-02-02,23,2013-04-17 23:28:06.546000
MI,RR,2,19.1,1,211,106,193,-1,Lasith Malinga,Pragyan Ojha,James Faulkner,,,,36.277,4,4,,y,7.790,0.046,-0.136,0.828,64,7,Sri Lankan,Indian,Australian,1983-08-28,2012-02-27,1990-04-29,23,2013-04-17 23:28:06.546000
MI,RR,2,19.2,2,211,106,193,211,Lasith Malinga,Pragyan Ojha,James Faulkner,b James Faulkner,Lasith Malinga,bowled,34.046,0,0,,y,6.265,0.185,0.099,0.506,5,5,Sri Lankan,Indian,Australian,1983-08-28,2012-02-27,1990-04-29,23,2013-04-17 23:28:06.546000
